{"forward":{"-0.0+-0.0":0.0673874309,"-0.0+-0.1":1.7523314204,"-0.0+-0.2":0.0,"-0.0+-0.3":0.0,"-0.0+-0.4":0.0,"-0.0+-0.5":0.0,"-0.0+0.0":3.5268126146,"-0.0+0.1":0.0,"-0.0+0.2":0.0,"-0.0+0.3":0.0,"-0.0+0.4":0.0,"-0.0+0.5":0.0,"-0.1+-0.0":0.0,"-0.1+-0.1":0.0,"-0.1+-0.2":0.0,"-0.1+-0.3":0.0,"-0.1+-0.4":0.0,"-0.1+-0.5":0.0,"-0.1+-0.6":0.0,"-0.1+-0.7":0.0,"-0.1+-0.8":0.0,"-0.1+0.0":0.0,"-0.1+0.1":0.0,"-0.1+0.2":0.0,"-0.1+0.3":0.0,"-0.2+-0.2":0.0,"-0.2+-0.3":0.0,"-0.2+-0.4":0.0,"-0.2+-0.5":0.0,"-0.2+-0.6":0.0,"-0.2+-0.7":0.0,"-0.2+-0.8":0.0,"0+0":0.0,"0.0+-0.0":3.7902762511,"0.0+-0.1":0.0,"0.0+-0.2":0.0,"0.0+-0.3":0.0,"0.0+0.0":3.597826023,"0.0+0.1":5.8995253056,"0.0+0.2":7.2542232815,"0.0+0.3":8.1267075293,"0.0+0.4":10.1219082505,"0.0+0.5":11.3830449041,"0.0+0.6":12.6259489055,"0.0+0.7":8.0251108266,"0.0+0.8":0.1496240559,"0.1+-0.0":0.0,"0.1+-0.1":0.0,"0.1+-0.2":0.0,"0.1+-0.3":0.0,"0.1+0.0":0.0,"0.1+0.1":0.0,"0.1+0.2":0.0,"0.1+0.3":0.0000002778,"0.1+0.4":0.4846274522,"0.1+0.5":10.366072767,"0.1+0.6":17.7349176144,"0.1+0.7":15.7692389592,"0.1+0.8":4.9026403273,"0.1+0.9":0.0437642418,"0.2+0.1":0.0,"0.2+0.2":0.0,"0.2+0.3":0.0,"0.2+0.4":0.1431752879,"0.2+0.5":8.4759554985,"0.2+0.6":6.3708079337,"0.2+0.7":15.5334936202,"0.2+0.8":0.0,"terminal":5.3325730019},"dormant":{"-0.0+-0.0":0.0,"-0.0+-0.1":0.0454845237,"-0.0+-0.2":0.0,"-0.0+-0.3":0.0,"-0.0+-0.4":0.0,"-0.0+-0.5":0.0,"-0.0+0.0":0.0180464545,"-0.0+0.1":0.0,"-0.0+0.2":0.0000023729,"-0.0+0.3":0.0,"-0.0+0.4":0.0,"-0.0+0.5":0.0,"-0.1+-0.0":0.0,"-0.1+-0.1":0.0,"-0.1+-0.2":0.0,"-0.1+-0.3":0.0,"-0.1+-0.4":0.0,"-0.1+-0.5":0.0,"-0.1+-0.6":0.0,"-0.1+-0.7":0.0,"-0.1+-0.8":0.0,"-0.1+0.0":0.0,"-0.1+0.1":0.0,"-0.1+0.2":0.0,"-0.1+0.3":0.0,"-0.2+-0.2":0.0,"-0.2+-0.3":0.0,"-0.2+-0.4":0.0,"-0.2+-0.5":0.0,"-0.2+-0.6":0.0,"-0.2+-0.7":0.0,"-0.2+-0.8":0.0,"0+0":0.0,"0.0+-0.0":0.0824793886,"0.0+-0.1":0.0,"0.0+-0.2":0.0,"0.0+-0.3":0.0,"0.0+0.0":0.1214090262,"0.0+0.1":4.7495708215,"0.0+0.2":4.8927289221,"0.0+0.3":6.3243943736,"0.0+0.4":6.5854400343,"0.0+0.5":7.4050153118,"0.0+0.6":9.6360565798,"0.0+0.7":14.4872238475,"0.0+0.8":5.2977986795,"0.1+-0.0":0.0,"0.1+-0.1":0.0,"0.1+-0.2":0.0,"0.1+-0.3":0.0,"0.1+0.0":0.0,"0.1+0.1":0.0,"0.1+0.2":0.0,"0.1+0.3":0.0,"0.1+0.4":0.0020304871,"0.1+0.5":1.1787832312,"0.1+0.6":12.991344699,"0.1+0.7":15.7747858443,"0.1+0.8":5.4938978952,"0.1+0.9":0.1206156831,"0.2+0.1":0.0,"0.2+0.2":0.0,"0.2+0.3":0.0,"0.2+0.4":0.0,"0.2+0.5":0.144878075,"0.2+0.6":7.8169511899,"0.2+0.7":15.3191168411,"0.2+0.8":2.4451490802,"terminal":1.7657946804},"backward":{"-0.0+-0.0":0.0,"-0.0+-0.1":0.0084608355,"-0.0+-0.2":0.0,"-0.0+-0.3":0.0,"-0.0+-0.4":0.0,"-0.0+-0.5":0.0,"-0.0+0.0":0.0637936507,"-0.0+0.1":0.281793225,"-0.0+0.2":0.0,"-0.0+0.3":0.0,"-0.0+0.4":0.0,"-0.0+0.5":0.0,"-0.1+-0.0":0.0,"-0.1+-0.1":0.0,"-0.1+-0.2":0.0,"-0.1+-0.3":0.0,"-0.1+-0.4":0.0,"-0.1+-0.5":0.0,"-0.1+-0.6":0.0,"-0.1+-0.7":0.0,"-0.1+-0.8":0.0,"-0.1+0.0":0.0,"-0.1+0.1":0.0,"-0.1+0.2":0.0,"-0.1+0.3":0.0,"-0.2+-0.2":0.0,"-0.2+-0.3":0.0,"-0.2+-0.4":0.0,"-0.2+-0.5":0.0,"-0.2+-0.6":0.0,"-0.2+-0.7":0.0,"-0.2+-0.8":0.0,"0+0":0.0647760807,"0.0+-0.0":0.0093003514,"0.0+-0.1":0.0,"0.0+-0.2":0.0,"0.0+-0.3":0.0,"0.0+0.0":0.0137579227,"0.0+0.1":3.5949689111,"0.0+0.2":3.7171695785,"0.0+0.3":6.0995993273,"0.0+0.4":4.9964676954,"0.0+0.5":6.9466543872,"0.0+0.6":8.7891499924,"0.0+0.7":10.0246454831,"0.0+0.8":0.0,"0.1+-0.0":0.0,"0.1+-0.1":0.0,"0.1+-0.2":0.0,"0.1+-0.3":0.0,"0.1+0.0":0.0,"0.1+0.1":0.0,"0.1+0.2":0.0,"0.1+0.3":0.0,"0.1+0.4":0.0,"0.1+0.5":0.1706724778,"0.1+0.6":11.2648429203,"0.1+0.7":15.6223317666,"0.1+0.8":4.6402937716,"0.1+0.9":0.1068903506,"0.2+0.1":0.0,"0.2+0.2":0.0,"0.2+0.3":0.0,"0.2+0.4":0.0,"0.2+0.5":0.0006081063,"0.2+0.6":2.2788442198,"0.2+0.7":8.5838681891,"0.2+0.8":0.5239033159,"terminal":0.6759334467},"throw":{"-0.0+-0.0":-3.013126103,"-0.0+-0.1":-33.5649367252,"-0.0+-0.2":-8.0004986348,"-0.0+-0.3":-5.3173565411,"-0.0+-0.4":-6.4435076575,"-0.0+-0.5":-2.601390693,"-0.0+0.0":-14.0417454083,"-0.0+0.1":-5.9288444701,"-0.0+0.2":-2.0035881328,"-0.0+0.3":-1.0138177566,"-0.0+0.4":-1.0080110365,"-0.0+0.5":0.0,"-0.1+-0.0":-1.0788195412,"-0.1+-0.1":-2.1392467925,"-0.1+-0.2":-4.6107523152,"-0.1+-0.3":-5.0274984528,"-0.1+-0.4":-4.0014305404,"-0.1+-0.5":-4.3898317839,"-0.1+-0.6":-1.6265725954,"-0.1+-0.7":-1.6026205457,"-0.1+-0.8":-2.3334200261,"-0.1+0.0":-3.1736236108,"-0.1+0.1":-2.1469752113,"-0.1+0.2":-1.0336925391,"-0.1+0.3":-1.071947693,"-0.2+-0.2":-1.28827659,"-0.2+-0.3":0.0,"-0.2+-0.4":0.0,"-0.2+-0.5":-4.6399228365,"-0.2+-0.6":-2.2315828876,"-0.2+-0.7":0.0,"-0.2+-0.8":0.0,"0+0":-1.0,"0.0+-0.0":-14.8074096031,"0.0+-0.1":-4.8599070655,"0.0+-0.2":-0.995954301,"0.0+-0.3":-1.0030036484,"0.0+0.0":-15.6466286899,"0.0+0.1":-99.1199081223,"0.0+0.2":-87.5044778679,"0.0+0.3":-94.7262735452,"0.0+0.4":-80.2210462642,"0.0+0.5":-79.8953664449,"0.0+0.6":-71.8647142166,"0.0+0.7":-39.9173315986,"0.0+0.8":0.0,"0.1+-0.0":-2.7694034699,"0.1+-0.1":-0.9458773817,"0.1+-0.2":-0.947155946,"0.1+-0.3":-0.9558399799,"0.1+0.0":-0.892937487,"0.1+0.1":-1.8444589521,"0.1+0.2":-1.712279556,"0.1+0.3":-1.5529923263,"0.1+0.4":-1.9283064979,"0.1+0.5":-8.8699507703,"0.1+0.6":-8.6950436851,"0.1+0.7":-2.0158680034,"0.1+0.8":16.5297761784,"0.1+0.9":15.9961444503,"0.2+0.1":0.0,"0.2+0.2":-0.6038371649,"0.2+0.3":-0.4300762618,"0.2+0.4":-0.0806196156,"0.2+0.5":-0.0121406739,"0.2+0.6":32.3007237267,"0.2+0.7":58.6331989473,"0.2+0.8":0.0,"terminal":-89.3671816314}}